{"scaler_mean": [5.690552670568402, 8383.25964159384, 620.6007584586707, 1089.923218673122], "scaler_scale": [5.324496129164695, 13463.05564324963, 1687.366953504377, 2270.8018530532477], "cluster_centers": [[-0.15146667713316567, -0.1885477372981793, 0.011692331863717202, -0.17406827524992088], [1.8036300971527155, 2.245182770077289, -0.13922957877202602, 2.072764690833409]], "cached_cluster": 1, "n_features": 4}